[{"homecountry":"NEDERLAND","homehousenumberext":"","businesswebemailaddress":"","language":"Nederlands","postalcountry":"","sicknesszipcode":"","officeextphonenumber":"","postalhousenumberext":"","officetelphonenumber":"","prefixbirthname":"","companyid":"1","employeegroupid":"1","language_en":"Nederlands","maritalstatusid":"ONG","otherphonenumbers":"","homewebemailaddress":"","homehousenumber":"38","dateofbirth":"1980-01-01","postalstreet":"","odporgid":"3267285","initials":"A","otheraddresses_en":"","privatemobilephonenumber":"0634567894","postalhousenumber":"","officefaxphonenumber":"","businessemailaddress":"","homestreet":"Plotterweg","employeegroupname_en":"Werknemer","secretaryphonenumber":"","homecountry_en":"NEDERLAND","nationality":"Nederlandse","nationality_en":"Nederlandse","maritalstatus":"Ongehuwd","nameusage":"Eigen","companyname":"Visma.net HRM & Payroll API (compan","homezipcode":"3821BB","birthname":"Atester","salutation":"Mevrouw","officialdate":"2021-01-01","otheremailaddresses_en":"","homeemailaddress":"xyz@visma.com","firstname":"Anna","ismanager":"N","namecode":"","gender":"Vrouw","titlebefore_en":"","titlebefore":"","homecity":"AMERSFOORT","employeegroupname":"Werknemer","employeeid":"1","emergencyphonenumber":"","boardnumber":"0","sicknesscountry":"","otheraddresses":"","otheremailaddresses":"","sicknessaddressphonenumber":"","homephonenumber":"06-123123123","nickname":"Anna","titleafter_en":"","postalcity":"","salutationid":"MW","prefixpartnername":"","otherphonenumbers_en":"","sicknesshousenumber":"","sicknesshousenumberext":"","titleafter":"","existencestartutc":"2022-11-23 08:01:31","postalcountry_en":"","formattedname":"Anna Atester","corraddress":"Woonadres","nameusage_en":"Eigen","postalzipcode":"","officemobilephonenumber":"","sicknesscity":"","sicknesscountry_en":"","corraddress_en":"Woonadres","partnername":"","sicknessstreet":"","homefaxphonenumber":""},{"homecountry":"NEDERLAND","homehousenumberext":"a","businesswebemailaddress":"","language":"Nederlands","postalcountry":"","sicknesszipcode":"","officeextphonenumber":"","postalhousenumberext":"","officetelphonenumber":"","prefixbirthname":"","companyid":"1","employeegroupid":"1","language_en":"Nederlands","maritalstatusid":"ONG","otherphonenumbers":"","homewebemailaddress":"","homehousenumber":"7","dateofbirth":"1970-01-01","postalstreet":"","odporgid":"3267285","initials":"B","otheraddresses_en":"","privatemobilephonenumber":"","postalhousenumber":"","officefaxphonenumber":"","businessemailaddress":"","homestreet":"Lavendelheide","employeegroupname_en":"Werknemer","secretaryphonenumber":"","homecountry_en":"NEDERLAND","nationality":"Nederlandse","nationality_en":"Nederlandse","maritalstatus":"Ongehuwd","nameusage":"Eigen","companyname":"Visma.net HRM & Payroll API (compan","homezipcode":"9202PD","birthname":"Betester","salutation":"De heer","officialdate":"2021-01-01","otheremailaddresses_en":"","homeemailaddress":"xyz@visma.com","firstname":"Bertus","ismanager":"N","namecode":"","gender":"Man","titlebefore_en":"","titlebefore":"","homecity":"DRACHTEN","employeegroupname":"Werknemer","employeeid":"2","emergencyphonenumber":"","boardnumber":"0","sicknesscountry":"","otheraddresses":"","otheremailaddresses":"","sicknessaddressphonenumber":"","homephonenumber":"06-123123123","nickname":"Bert","titleafter_en":"","postalcity":"","salutationid":"DHR","prefixpartnername":"","otherphonenumbers_en":"","sicknesshousenumber":"","sicknesshousenumberext":"","titleafter":"","existencestartutc":"2022-11-22 09:45:01","postalcountry_en":"","formattedname":"Bert Betester","corraddress":"Woonadres","nameusage_en":"Eigen","postalzipcode":"","officemobilephonenumber":"","sicknesscity":"","sicknesscountry_en":"","corraddress_en":"Woonadres","partnername":"","sicknessstreet":"","homefaxphonenumber":""},{"homecountry":"NEDERLAND","homehousenumberext":"","businesswebemailaddress":"","language":"Nederlands","postalcountry":"","sicknesszipcode":"","officeextphonenumber":"","postalhousenumberext":"","officetelphonenumber":"","prefixbirthname":"de","companyid":"1","employeegroupid":"1","language_en":"Nederlands","maritalstatusid":"ONG","otherphonenumbers":"","homewebemailaddress":"","homehousenumber":"13","dateofbirth":"1980-05-10","postalstreet":"","odporgid":"3267285","initials":"A.B.","otheraddresses_en":"","privatemobilephonenumber":"","postalhousenumber":"","officefaxphonenumber":"","businessemailaddress":"","homestreet":"Generaal de Cevalaan","employeegroupname_en":"Werknemer","secretaryphonenumber":"","homecountry_en":"NEDERLAND","nationality":"Nederlandse","nationality_en":"Nederlandse","maritalstatus":"Ongehuwd","nameusage":"Eigen","companyname":"Visma.net HRM & Payroll API (compan","homezipcode":"6301LB","birthname":"Vries","salutation":"Mevrouw","officialdate":"2021-05-01","otheremailaddresses_en":"","homeemailaddress":"annelies.de.vries@gmail.com","firstname":"Annelies Bernadette","ismanager":"N","namecode":"","gender":"Vrouw","titlebefore_en":"","titlebefore":"","homecity":"VALKENBURG AAN DE GEUL","employeegroupname":"Werknemer","employeeid":"4","emergencyphonenumber":"","boardnumber":"0","sicknesscountry":"","otheraddresses":"","otheremailaddresses":"","sicknessaddressphonenumber":"","homephonenumber":"0623063456","nickname":"Annelies","titleafter_en":"","postalcity":"","salutationid":"MW","prefixpartnername":"de","otherphonenumbers_en":"","sicknesshousenumber":"","sicknesshousenumberext":"","titleafter":"","existencestartutc":"2022-11-22 09:45:01","postalcountry_en":"","formattedname":"Annelies de Vries","corraddress":"Woonadres","nameusage_en":"Eigen","postalzipcode":"","officemobilephonenumber":"","sicknesscity":"","sicknesscountry_en":"","corraddress_en":"Woonadres","partnername":"Klein","sicknessstreet":"","homefaxphonenumber":""},{"homecountry":"NEDERLAND","homehousenumberext":"","businesswebemailaddress":"","language":"Nederlands","postalcountry":"","sicknesszipcode":"","officeextphonenumber":"","postalhousenumberext":"","officetelphonenumber":"","prefixbirthname":"","companyid":"1","employeegroupid":"1","language_en":"Nederlands","maritalstatusid":"ONG","otherphonenumbers":"","homewebemailaddress":"","homehousenumber":"37","dateofbirth":"1980-06-29","postalstreet":"","odporgid":"3267285","initials":"A.","otheraddresses_en":"","privatemobilephonenumber":"","postalhousenumber":"","officefaxphonenumber":"","businessemailaddress":"","homestreet":"Modemweg","employeegroupname_en":"Werknemer","secretaryphonenumber":"","homecountry_en":"NEDERLAND","nationality":"Nederlandse","nationality_en":"Nederlandse","maritalstatus":"Ongehuwd","nameusage":"Eigen","companyname":"Visma.net HRM & Payroll API (compan","homezipcode":"3821BS","birthname":"Visschers","salutation":"De heer","officialdate":"2021-06-01","otheremailaddresses_en":"","homeemailaddress":"andre.visschers@visma.com","firstname":"","ismanager":"Y","namecode":"","gender":"Man","titlebefore_en":"","titlebefore":"","homecity":"AMERSFOORT","employeegroupname":"Werknemer","employeeid":"5","emergencyphonenumber":"","boardnumber":"0","sicknesscountry":"","otheraddresses":"","otheremailaddresses":"","sicknessaddressphonenumber":"","homephonenumber":"0334545111","nickname":"Andre","titleafter_en":"","postalcity":"","salutationid":"DHR","prefixpartnername":"","otherphonenumbers_en":"","sicknesshousenumber":"","sicknesshousenumberext":"","titleafter":"","existencestartutc":"2022-11-22 09:45:01","postalcountry_en":"","formattedname":"Andre Visschers","corraddress":"Woonadres","nameusage_en":"Eigen","postalzipcode":"","officemobilephonenumber":"","sicknesscity":"","sicknesscountry_en":"","corraddress_en":"Woonadres","partnername":"Visscher","sicknessstreet":"","homefaxphonenumber":""},{"homecountry":"NEDERLAND","homehousenumberext":"","businesswebemailaddress":"","language":"Nederlands","postalcountry":"","sicknesszipcode":"","officeextphonenumber":"","postalhousenumberext":"","officetelphonenumber":"","prefixbirthname":"","companyid":"1","employeegroupid":"1","language_en":"Nederlands","maritalstatusid":"ONG","otherphonenumbers":"","homewebemailaddress":"","homehousenumber":"66","dateofbirth":"1980-06-01","postalstreet":"","odporgid":"3267285","initials":"A","otheraddresses_en":"","privatemobilephonenumber":"","postalhousenumber":"","officefaxphonenumber":"","businessemailaddress":"","homestreet":"Plotterweg","employeegroupname_en":"Werknemer","secretaryphonenumber":"","homecountry_en":"NEDERLAND","nationality":"Nederlandse","nationality_en":"Nederlandse","maritalstatus":"Ongehuwd","nameusage":"Eig./part.","companyname":"Visma.net HRM & Payroll API (compan","homezipcode":"3821BS","birthname":"Fomin","salutation":"De heer","officialdate":"2021-06-01","otheremailaddresses_en":"","homeemailaddress":"arkady.fomin@visma.com","firstname":"","ismanager":"N","namecode":"","gender":"Man","titlebefore_en":"","titlebefore":"","homecity":"AMERSFOORT","employeegroupname":"Werknemer","employeeid":"6","emergencyphonenumber":"","boardnumber":"0","sicknesscountry":"","otheraddresses":"","otheremailaddresses":"","sicknessaddressphonenumber":"","homephonenumber":"","nickname":"Arkady","titleafter_en":"","postalcity":"","salutationid":"DHR","prefixpartnername":"","otherphonenumbers_en":"","sicknesshousenumber":"","sicknesshousenumberext":"","titleafter":"","existencestartutc":"2022-11-22 09:45:01","postalcountry_en":"","formattedname":"Arkady Fomin - Lezia","corraddress":"Woonadres","nameusage_en":"Eig./part.","postalzipcode":"","officemobilephonenumber":"","sicknesscity":"","sicknesscountry_en":"","corraddress_en":"Woonadres","partnername":"Lezia","sicknessstreet":"","homefaxphonenumber":""},{"homecountry":"NEDERLAND","homehousenumberext":"","businesswebemailaddress":"","language":"Nederlands","postalcountry":"","sicknesszipcode":"","officeextphonenumber":"","postalhousenumberext":"","officetelphonenumber":"","prefixbirthname":"","companyid":"1","employeegroupid":"1","language_en":"Nederlands","maritalstatusid":"ONG","otherphonenumbers":"","homewebemailaddress":"","homehousenumber":"66","dateofbirth":"1980-06-01","postalstreet":"","odporgid":"3267285","initials":"D","otheraddresses_en":"","privatemobilephonenumber":"","postalhousenumber":"","officefaxphonenumber":"","businessemailaddress":"","homestreet":"Plotterweg","employeegroupname_en":"Werknemer","secretaryphonenumber":"","homecountry_en":"NEDERLAND","nationality":"Nederlandse","nationality_en":"Nederlandse","maritalstatus":"Ongehuwd","nameusage":"Eigen","companyname":"Visma.net HRM & Payroll API (compan","homezipcode":"3821BS","birthname":"timcenko","salutation":"De heer","officialdate":"2021-06-01","otheremailaddresses_en":"","homeemailaddress":"deniss.timcenko@visma.com","firstname":"","ismanager":"N","namecode":"","gender":"Man","titlebefore_en":"","titlebefore":"","homecity":"AMERSFOORT","employeegroupname":"Werknemer","employeeid":"7","emergencyphonenumber":"","boardnumber":"0","sicknesscountry":"","otheraddresses":"","otheremailaddresses":"","sicknessaddressphonenumber":"","homephonenumber":"","nickname":"Deniss","titleafter_en":"","postalcity":"","salutationid":"DHR","prefixpartnername":"","otherphonenumbers_en":"","sicknesshousenumber":"","sicknesshousenumberext":"","titleafter":"","existencestartutc":"2022-11-22 09:45:01","postalcountry_en":"","formattedname":"Deniss timcenko","corraddress":"Woonadres","nameusage_en":"Eigen","postalzipcode":"","officemobilephonenumber":"","sicknesscity":"","sicknesscountry_en":"","corraddress_en":"Woonadres","partnername":"","sicknessstreet":"","homefaxphonenumber":""},{"homecountry":"NEDERLAND","homehousenumberext":"","businesswebemailaddress":"","language":"Nederlands","postalcountry":"","sicknesszipcode":"","officeextphonenumber":"","postalhousenumberext":"","officetelphonenumber":"","prefixbirthname":"","companyid":"1","employeegroupid":"1","language_en":"Nederlands","maritalstatusid":"ONG","otherphonenumbers":"","homewebemailaddress":"","homehousenumber":"66","dateofbirth":"1980-06-01","postalstreet":"","odporgid":"3267285","initials":"D","otheraddresses_en":"","privatemobilephonenumber":"","postalhousenumber":"","officefaxphonenumber":"","businessemailaddress":"","homestreet":"Plotterweg","employeegroupname_en":"Werknemer","secretaryphonenumber":"","homecountry_en":"NEDERLAND","nationality":"Nederlandse","nationality_en":"Nederlandse","maritalstatus":"Ongehuwd","nameusage":"Eigen","companyname":"Visma.net HRM & Payroll API (compan","homezipcode":"3821BS","birthname":"Spahova","salutation":"Mevrouw","officialdate":"2021-06-01","otheremailaddresses_en":"","homeemailaddress":"diana.spahova@visma.com","firstname":"","ismanager":"N","namecode":"","gender":"Vrouw","titlebefore_en":"","titlebefore":"","homecity":"AMERSFOORT","employeegroupname":"Werknemer","employeeid":"8","emergencyphonenumber":"","boardnumber":"0","sicknesscountry":"","otheraddresses":"","otheremailaddresses":"","sicknessaddressphonenumber":"","homephonenumber":"","nickname":"Diana","titleafter_en":"","postalcity":"","salutationid":"MW","prefixpartnername":"","otherphonenumbers_en":"","sicknesshousenumber":"","sicknesshousenumberext":"","titleafter":"","existencestartutc":"2022-11-22 09:45:01","postalcountry_en":"","formattedname":"Diana Spahova","corraddress":"Woonadres","nameusage_en":"Eigen","postalzipcode":"","officemobilephonenumber":"","sicknesscity":"","sicknesscountry_en":"","corraddress_en":"Woonadres","partnername":"","sicknessstreet":"","homefaxphonenumber":""},{"homecountry":"NEDERLAND","homehousenumberext":"","businesswebemailaddress":"","language":"Nederlands","postalcountry":"","sicknesszipcode":"","officeextphonenumber":"","postalhousenumberext":"","officetelphonenumber":"","prefixbirthname":"","companyid":"1","employeegroupid":"1","language_en":"Nederlands","maritalstatusid":"ONG","otherphonenumbers":"","homewebemailaddress":"","homehousenumber":"66","dateofbirth":"1980-06-01","postalstreet":"","odporgid":"3267285","initials":"E","otheraddresses_en":"","privatemobilephonenumber":"","postalhousenumber":"","officefaxphonenumber":"","businessemailaddress":"","homestreet":"Plotterweg","employeegroupname_en":"Werknemer","secretaryphonenumber":"","homecountry_en":"NEDERLAND","nationality":"Nederlandse","nationality_en":"Nederlandse","maritalstatus":"Ongehuwd","nameusage":"Eigen","companyname":"Visma.net HRM & Payroll API (compan","homezipcode":"3821BS","birthname":"Preimanis","salutation":"De heer","officialdate":"2021-06-01","otheremailaddresses_en":"","homeemailaddress":"edgars.preimanis@visma.com","firstname":"","ismanager":"N","namecode":"","gender":"Man","titlebefore_en":"","titlebefore":"","homecity":"AMERSFOORT","employeegroupname":"Werknemer","employeeid":"9","emergencyphonenumber":"","boardnumber":"0","sicknesscountry":"","otheraddresses":"","otheremailaddresses":"","sicknessaddressphonenumber":"","homephonenumber":"","nickname":"Edgars","titleafter_en":"","postalcity":"","salutationid":"DHR","prefixpartnername":"","otherphonenumbers_en":"","sicknesshousenumber":"","sicknesshousenumberext":"","titleafter":"","existencestartutc":"2022-11-22 09:45:01","postalcountry_en":"","formattedname":"Edgars Preimanis","corraddress":"Woonadres","nameusage_en":"Eigen","postalzipcode":"","officemobilephonenumber":"","sicknesscity":"","sicknesscountry_en":"","corraddress_en":"Woonadres","partnername":"","sicknessstreet":"","homefaxphonenumber":""},{"homecountry":"NEDERLAND","homehousenumberext":"","businesswebemailaddress":"","language":"Nederlands","postalcountry":"","sicknesszipcode":"","officeextphonenumber":"","postalhousenumberext":"","officetelphonenumber":"","prefixbirthname":"","companyid":"1","employeegroupid":"1","language_en":"Nederlands","maritalstatusid":"ONG","otherphonenumbers":"","homewebemailaddress":"","homehousenumber":"66","dateofbirth":"1980-06-01","postalstreet":"","odporgid":"3267285","initials":"E","otheraddresses_en":"","privatemobilephonenumber":"","postalhousenumber":"","officefaxphonenumber":"","businessemailaddress":"","homestreet":"Plotterweg","employeegroupname_en":"Werknemer","secretaryphonenumber":"","homecountry_en":"NEDERLAND","nationality":"Nederlandse","nationality_en":"Nederlandse","maritalstatus":"Ongehuwd","nameusage":"Eigen","companyname":"Visma.net HRM & Payroll API (compan","homezipcode":"3821BS","birthname":"Nersesjans","salutation":"De heer","officialdate":"2021-06-01","otheremailaddresses_en":"","homeemailaddress":"emils.nersesjans@visma.com","firstname":"","ismanager":"N","namecode":"","gender":"Man","titlebefore_en":"","titlebefore":"","homecity":"AMERSFOORT","employeegroupname":"Werknemer","employeeid":"10","emergencyphonenumber":"","boardnumber":"0","sicknesscountry":"","otheraddresses":"","otheremailaddresses":"","sicknessaddressphonenumber":"","homephonenumber":"","nickname":"Emils","titleafter_en":"","postalcity":"","salutationid":"DHR","prefixpartnername":"","otherphonenumbers_en":"","sicknesshousenumber":"","sicknesshousenumberext":"","titleafter":"","existencestartutc":"2022-11-22 09:45:01","postalcountry_en":"","formattedname":"Emils Nersesjans","corraddress":"Woonadres","nameusage_en":"Eigen","postalzipcode":"","officemobilephonenumber":"","sicknesscity":"","sicknesscountry_en":"","corraddress_en":"Woonadres","partnername":"","sicknessstreet":"","homefaxphonenumber":""},{"homecountry":"NEDERLAND","homehousenumberext":"","businesswebemailaddress":"","language":"Nederlands","postalcountry":"","sicknesszipcode":"","officeextphonenumber":"","postalhousenumberext":"","officetelphonenumber":"","prefixbirthname":"","companyid":"1","employeegroupid":"1","language_en":"Nederlands","maritalstatusid":"ONG","otherphonenumbers":"","homewebemailaddress":"","homehousenumber":"66","dateofbirth":"1980-06-01","postalstreet":"","odporgid":"3267285","initials":"I","otheraddresses_en":"","privatemobilephonenumber":"","postalhousenumber":"","officefaxphonenumber":"","businessemailaddress":"","homestreet":"Plotterweg","employeegroupname_en":"Werknemer","secretaryphonenumber":"","homecountry_en":"NEDERLAND","nationality":"Nederlandse","nationality_en":"Nederlandse","maritalstatus":"Ongehuwd","nameusage":"Eigen","companyname":"Visma.net HRM & Payroll API (compan","homezipcode":"3821BS","birthname":"iIrahimkhalilo","salutation":"De heer","officialdate":"2021-06-01","otheremailaddresses_en":"","homeemailaddress":"ilham.ibrahimkhalilov@visma.com","firstname":"","ismanager":"N","namecode":"","gender":"Man","titlebefore_en":"","titlebefore":"","homecity":"AMERSFOORT","employeegroupname":"Werknemer","employeeid":"11","emergencyphonenumber":"","boardnumber":"0","sicknesscountry":"","otheraddresses":"","otheremailaddresses":"","sicknessaddressphonenumber":"","homephonenumber":"","nickname":"Ilham","titleafter_en":"","postalcity":"","salutationid":"DHR","prefixpartnername":"","otherphonenumbers_en":"","sicknesshousenumber":"","sicknesshousenumberext":"","titleafter":"","existencestartutc":"2022-11-22 09:45:01","postalcountry_en":"","formattedname":"Ilham iIrahimkhalilo","corraddress":"Woonadres","nameusage_en":"Eigen","postalzipcode":"","officemobilephonenumber":"","sicknesscity":"","sicknesscountry_en":"","corraddress_en":"Woonadres","partnername":"","sicknessstreet":"","homefaxphonenumber":""},{"homecountry":"NEDERLAND","homehousenumberext":"","businesswebemailaddress":"","language":"Nederlands","postalcountry":"","sicknesszipcode":"","officeextphonenumber":"","postalhousenumberext":"","officetelphonenumber":"","prefixbirthname":"","companyid":"1","employeegroupid":"1","language_en":"Nederlands","maritalstatusid":"ONG","otherphonenumbers":"","homewebemailaddress":"","homehousenumber":"66","dateofbirth":"1980-06-01","postalstreet":"","odporgid":"3267285","initials":"J","otheraddresses_en":"","privatemobilephonenumber":"","postalhousenumber":"","officefaxphonenumber":"","businessemailaddress":"","homestreet":"Plotterweg","employeegroupname_en":"Werknemer","secretaryphonenumber":"","homecountry_en":"NEDERLAND","nationality":"Nederlandse","nationality_en":"Nederlandse","maritalstatus":"Ongehuwd","nameusage":"Eigen","companyname":"Visma.net HRM & Payroll API (compan","homezipcode":"3821BS","birthname":"Zaharova","salutation":"Mevrouw","officialdate":"2021-06-01","otheremailaddresses_en":"","homeemailaddress":"jelizaveta.zaharova@visma.com","firstname":"","ismanager":"N","namecode":"","gender":"Vrouw","titlebefore_en":"","titlebefore":"","homecity":"AMERSFOORT","employeegroupname":"Werknemer","employeeid":"12","emergencyphonenumber":"","boardnumber":"0","sicknesscountry":"","otheraddresses":"","otheremailaddresses":"","sicknessaddressphonenumber":"","homephonenumber":"","nickname":"Jelizaveta","titleafter_en":"","postalcity":"","salutationid":"MW","prefixpartnername":"","otherphonenumbers_en":"","sicknesshousenumber":"","sicknesshousenumberext":"","titleafter":"","existencestartutc":"2022-11-22 09:45:01","postalcountry_en":"","formattedname":"Jelizaveta Zaharova","corraddress":"Woonadres","nameusage_en":"Eigen","postalzipcode":"","officemobilephonenumber":"","sicknesscity":"","sicknesscountry_en":"","corraddress_en":"Woonadres","partnername":"","sicknessstreet":"","homefaxphonenumber":""},{"homecountry":"NEDERLAND","homehousenumberext":"","businesswebemailaddress":"","language":"Nederlands","postalcountry":"","sicknesszipcode":"","officeextphonenumber":"","postalhousenumberext":"","officetelphonenumber":"","prefixbirthname":"","companyid":"1","employeegroupid":"1","language_en":"Nederlands","maritalstatusid":"ONG","otherphonenumbers":"","homewebemailaddress":"","homehousenumber":"66","dateofbirth":"1980-06-01","postalstreet":"","odporgid":"3267285","initials":"K.L.","otheraddresses_en":"","privatemobilephonenumber":"","postalhousenumber":"","officefaxphonenumber":"","businessemailaddress":"","homestreet":"Plotterweg","employeegroupname_en":"Werknemer","secretaryphonenumber":"","homecountry_en":"NEDERLAND","nationality":"Nederlandse","nationality_en":"Nederlandse","maritalstatus":"Ongehuwd","nameusage":"Eigen","companyname":"Visma.net HRM & Payroll API (compan","homezipcode":"3821BS","birthname":"Ivanovs","salutation":"De heer","officialdate":"2021-06-01","otheremailaddresses_en":"","homeemailaddress":"kirils.ivanovs@visma.com","firstname":"","ismanager":"N","namecode":"","gender":"Man","titlebefore_en":"","titlebefore":"","homecity":"AMERSFOORT","employeegroupname":"Werknemer","employeeid":"13","emergencyphonenumber":"","boardnumber":"0","sicknesscountry":"","otheraddresses":"","otheremailaddresses":"","sicknessaddressphonenumber":"","homephonenumber":"","nickname":"Kirils","titleafter_en":"","postalcity":"","salutationid":"DHR","prefixpartnername":"","otherphonenumbers_en":"","sicknesshousenumber":"","sicknesshousenumberext":"","titleafter":"","existencestartutc":"2022-11-22 09:45:01","postalcountry_en":"","formattedname":"Kirils Ivanovs","corraddress":"Woonadres","nameusage_en":"Eigen","postalzipcode":"","officemobilephonenumber":"","sicknesscity":"","sicknesscountry_en":"","corraddress_en":"Woonadres","partnername":"","sicknessstreet":"","homefaxphonenumber":""},{"homecountry":"NEDERLAND","homehousenumberext":"","businesswebemailaddress":"","language":"Nederlands","postalcountry":"","sicknesszipcode":"","officeextphonenumber":"","postalhousenumberext":"","officetelphonenumber":"","prefixbirthname":"","companyid":"1","employeegroupid":"1","language_en":"Nederlands","maritalstatusid":"ONG","otherphonenumbers":"","homewebemailaddress":"","homehousenumber":"66","dateofbirth":"1980-06-01","postalstreet":"","odporgid":"3267285","initials":"T","otheraddresses_en":"","privatemobilephonenumber":"","postalhousenumber":"","officefaxphonenumber":"","businessemailaddress":"","homestreet":"Plotterweg","employeegroupname_en":"Werknemer","secretaryphonenumber":"","homecountry_en":"NEDERLAND","nationality":"Nederlandse","nationality_en":"Nederlandse","maritalstatus":"Ongehuwd","nameusage":"Eigen","companyname":"Visma.net HRM & Payroll API (compan","homezipcode":"3821BS","birthname":"Toonen","salutation":"De heer","officialdate":"2021-06-01","otheremailaddresses_en":"","homeemailaddress":"toine.toonen@visma.com","firstname":"","ismanager":"N","namecode":"","gender":"Man","titlebefore_en":"","titlebefore":"","homecity":"AMERSFOORT","employeegroupname":"Werknemer","employeeid":"14","emergencyphonenumber":"","boardnumber":"0","sicknesscountry":"","otheraddresses":"","otheremailaddresses":"","sicknessaddressphonenumber":"","homephonenumber":"","nickname":"Toine","titleafter_en":"","postalcity":"","salutationid":"DHR","prefixpartnername":"","otherphonenumbers_en":"","sicknesshousenumber":"","sicknesshousenumberext":"","titleafter":"","existencestartutc":"2022-11-22 09:45:01","postalcountry_en":"","formattedname":"Toine Toonen","corraddress":"Woonadres","nameusage_en":"Eigen","postalzipcode":"","officemobilephonenumber":"","sicknesscity":"","sicknesscountry_en":"","corraddress_en":"Woonadres","partnername":"","sicknessstreet":"","homefaxphonenumber":""},{"homecountry":"NEDERLAND","homehousenumberext":"","businesswebemailaddress":"","language":"Nederlands","postalcountry":"","sicknesszipcode":"","officeextphonenumber":"","postalhousenumberext":"","officetelphonenumber":"","prefixbirthname":"","companyid":"1","employeegroupid":"1","language_en":"Nederlands","maritalstatusid":"ONG","otherphonenumbers":"","homewebemailaddress":"","homehousenumber":"66","dateofbirth":"1980-07-15","postalstreet":"","odporgid":"3267285","initials":"J","otheraddresses_en":"","privatemobilephonenumber":"","postalhousenumber":"","officefaxphonenumber":"","businessemailaddress":"","homestreet":"Plotterweg","employeegroupname_en":"Werknemer","secretaryphonenumber":"","homecountry_en":"NEDERLAND","nationality":"Nederlandse","nationality_en":"Nederlandse","maritalstatus":"Ongehuwd","nameusage":"Eigen","companyname":"Visma.net HRM & Payroll API (compan","homezipcode":"3821BS","birthname":"Blaauw","salutation":"De heer","officialdate":"2021-07-15","otheremailaddresses_en":"","homeemailaddress":"connectors@tools4ever.com","firstname":"","ismanager":"N","namecode":"","gender":"Man","titlebefore_en":"","titlebefore":"","homecity":"AMERSFOORT","employeegroupname":"Werknemer","employeeid":"15","emergencyphonenumber":"","boardnumber":"0","sicknesscountry":"","otheraddresses":"","otheremailaddresses":"","sicknessaddressphonenumber":"","homephonenumber":"","nickname":"Jeroen","titleafter_en":"","postalcity":"","salutationid":"DHR","prefixpartnername":"","otherphonenumbers_en":"","sicknesshousenumber":"","sicknesshousenumberext":"","titleafter":"","existencestartutc":"2022-11-22 09:45:01","postalcountry_en":"","formattedname":"Jeroen Blaauw","corraddress":"Woonadres","nameusage_en":"Eigen","postalzipcode":"","officemobilephonenumber":"","sicknesscity":"","sicknesscountry_en":"","corraddress_en":"Woonadres","partnername":"","sicknessstreet":"","homefaxphonenumber":""},{"homecountry":"NEDERLAND","homehousenumberext":"","businesswebemailaddress":"","language":"Nederlands","postalcountry":"","sicknesszipcode":"","officeextphonenumber":"","postalhousenumberext":"","officetelphonenumber":"","prefixbirthname":"de","companyid":"1","employeegroupid":"1","language_en":"Nederlands","maritalstatusid":"GP","otherphonenumbers":"","homewebemailaddress":"","homehousenumber":"666","dateofbirth":"1971-10-23","postalstreet":"","odporgid":"3267285","initials":"J","otheraddresses_en":"","privatemobilephonenumber":"","postalhousenumber":"","officefaxphonenumber":"","businessemailaddress":"Joop.van.Raan@visma.com","homestreet":"Highwayroad","employeegroupname_en":"Werknemer","secretaryphonenumber":"","homecountry_en":"NEDERLAND","nationality":"Nederlandse","nationality_en":"Nederlandse","maritalstatus":"Gereg. partnerschap","nameusage":"Eigen","companyname":"Visma.net HRM & Payroll API (compan","homezipcode":"9031AK","birthname":"Tester","salutation":"De heer","officialdate":"2021-08-01","otheremailaddresses_en":": test@test.cm","homeemailaddress":"test @test.com","firstname":"","ismanager":"N","namecode":"","gender":"Man","titlebefore_en":"","titlebefore":"","homecity":"APELDOORN","employeegroupname":"Werknemer","employeeid":"16","emergencyphonenumber":"","boardnumber":"0","sicknesscountry":"","otheraddresses":"","otheremailaddresses":"Anders: test@test.cm","sicknessaddressphonenumber":"","homephonenumber":"","nickname":"Joop","titleafter_en":"","postalcity":"","salutationid":"DHR","prefixpartnername":"","otherphonenumbers_en":"","sicknesshousenumber":"","sicknesshousenumberext":"","titleafter":"","existencestartutc":"2022-11-22 09:45:01","postalcountry_en":"","formattedname":"Joop de Tester","corraddress":"Woonadres","nameusage_en":"Eigen","postalzipcode":"","officemobilephonenumber":"","sicknesscity":"","sicknesscountry_en":"","corraddress_en":"Woonadres","partnername":"","sicknessstreet":"","homefaxphonenumber":""},{"homecountry":"NEDERLAND","homehousenumberext":"","businesswebemailaddress":"","language":"Nederlands","postalcountry":"","sicknesszipcode":"","officeextphonenumber":"","postalhousenumberext":"","officetelphonenumber":"","prefixbirthname":"","companyid":"1","employeegroupid":"1","language_en":"Nederlands","maritalstatusid":"GES","otherphonenumbers":"","homewebemailaddress":"","homehousenumber":"66","dateofbirth":"1993-10-24","postalstreet":"","odporgid":"3267285","initials":"CGS","otheraddresses_en":"","privatemobilephonenumber":"","postalhousenumber":"","officefaxphonenumber":"","businessemailaddress":"carschaap@hotmail.com","homestreet":"Burgermeester Korthals Alteslaan","employeegroupname_en":"Werknemer","secretaryphonenumber":"","homecountry_en":"NEDERLAND","nationality":"Zweedse","nationality_en":"Zweedse","maritalstatus":"Gescheiden","nameusage":"Eig./part.","companyname":"Visma.net HRM & Payroll API (compan","homezipcode":"3821BS","birthname":"Consult","salutation":"Mevrouw","officialdate":"2010-09-01","otheremailaddresses_en":"","homeemailaddress":"Caroline.schaap@visma.com","firstname":"","ismanager":"N","namecode":"","gender":"Vrouw","titlebefore_en":"","titlebefore":"","homecity":"AMERSFOORT","employeegroupname":"Werknemer","employeeid":"17","emergencyphonenumber":"","boardnumber":"0","sicknesscountry":"","otheraddresses":"","otheremailaddresses":"","sicknessaddressphonenumber":"","homephonenumber":"","nickname":"Caroline","titleafter_en":"","postalcity":"","salutationid":"MW","prefixpartnername":"","otherphonenumbers_en":"","sicknesshousenumber":"","sicknesshousenumberext":"","titleafter":"","existencestartutc":"2022-11-22 09:45:01","postalcountry_en":"","formattedname":"Caroline Consult - Pantzar","corraddress":"Woonadres","nameusage_en":"Eig./part.","postalzipcode":"","officemobilephonenumber":"","sicknesscity":"","sicknesscountry_en":"","corraddress_en":"Woonadres","partnername":"Pantzar","sicknessstreet":"","homefaxphonenumber":""},{"homecountry":"NEDERLAND","homehousenumberext":"","businesswebemailaddress":"","language":"Nederlands","postalcountry":"","sicknesszipcode":"","officeextphonenumber":"","postalhousenumberext":"","officetelphonenumber":"","prefixbirthname":"de","companyid":"1","employeegroupid":"2","language_en":"Nederlands","maritalstatusid":"ONG","otherphonenumbers":"","homewebemailaddress":"","homehousenumber":"82","dateofbirth":"1971-10-23","postalstreet":"","odporgid":"3267285","initials":"J","otheraddresses_en":"","privatemobilephonenumber":"","postalhousenumber":"","officefaxphonenumber":"","businessemailaddress":"","homestreet":"Rijnkade","employeegroupname_en":"Stagiair","secretaryphonenumber":"","homecountry_en":"NEDERLAND","nationality":"Nederlandse","nationality_en":"Nederlandse","maritalstatus":"Ongehuwd","nameusage":"Eigen","companyname":"Visma.net HRM & Payroll API (compan","homezipcode":"2051JM","birthname":"Tester","salutation":"De heer","officialdate":"2021-11-01","otheremailaddresses_en":"","homeemailaddress":"werk@test.cm","firstname":"","ismanager":"N","namecode":"","gender":"Man","titlebefore_en":"","titlebefore":"","homecity":"HAARLEM","employeegroupname":"Stagiair","employeeid":"18","emergencyphonenumber":"","boardnumber":"0","sicknesscountry":"","otheraddresses":"","otheremailaddresses":"","sicknessaddressphonenumber":"","homephonenumber":"0612345678","nickname":"Joop","titleafter_en":"","postalcity":"","salutationid":"DHR","prefixpartnername":"","otherphonenumbers_en":"","sicknesshousenumber":"","sicknesshousenumberext":"","titleafter":"","existencestartutc":"2022-11-22 09:45:01","postalcountry_en":"","formattedname":"Joop de Tester","corraddress":"Woonadres","nameusage_en":"Eigen","postalzipcode":"","officemobilephonenumber":"","sicknesscity":"","sicknesscountry_en":"","corraddress_en":"Woonadres","partnername":"","sicknessstreet":"","homefaxphonenumber":""},{"homecountry":"NEDERLAND","homehousenumberext":"a","businesswebemailaddress":"","language":"Nederlands","postalcountry":"","sicknesszipcode":"","officeextphonenumber":"","postalhousenumberext":"","officetelphonenumber":"","prefixbirthname":"van","companyid":"1","employeegroupid":"1","language_en":"Nederlands","maritalstatusid":"GES","otherphonenumbers":"","homewebemailaddress":"","homehousenumber":"66","dateofbirth":"1980-05-01","postalstreet":"","odporgid":"3267285","initials":"J.H.M.","otheraddresses_en":"","privatemobilephonenumber":"","postalhousenumber":"","officefaxphonenumber":"","businessemailaddress":"","homestreet":"Plotterweg","employeegroupname_en":"Werknemer","secretaryphonenumber":"","homecountry_en":"NEDERLAND","nationality":"Nederlandse","nationality_en":"Nederlandse","maritalstatus":"Gescheiden","nameusage":"Eigen","companyname":"Visma.net HRM & Payroll API (compan","homezipcode":"3821BS","birthname":"Grietjens","salutation":"De heer","officialdate":"2000-11-01","otheremailaddresses_en":": janenjanny@ikverzinmaarwat.nl","homeemailaddress":"jan.grietjens@hotmail.com","firstname":"Jan Harm Marinus","ismanager":"N","namecode":"","gender":"Man","titlebefore_en":"","titlebefore":"","homecity":"AMERSFOORT","employeegroupname":"Werknemer","employeeid":"19","emergencyphonenumber":"","boardnumber":"0","sicknesscountry":"","otheraddresses":"","otheremailaddresses":"Thuis: janenjanny@ikverzinmaarwat.nl","sicknessaddressphonenumber":"","homephonenumber":"06123456","nickname":"Jan","titleafter_en":"","postalcity":"","salutationid":"DHR","prefixpartnername":"","otherphonenumbers_en":"","sicknesshousenumber":"","sicknesshousenumberext":"","titleafter":"","existencestartutc":"2022-11-22 09:45:01","postalcountry_en":"","formattedname":"Jan van Grietjens","corraddress":"Woonadres","nameusage_en":"Eigen","postalzipcode":"","officemobilephonenumber":"","sicknesscity":"","sicknesscountry_en":"","corraddress_en":"Woonadres","partnername":"","sicknessstreet":"","homefaxphonenumber":""},{"homecountry":"NEDERLAND","homehousenumberext":"","businesswebemailaddress":"","language":"Nederlands","postalcountry":"","sicknesszipcode":"","officeextphonenumber":"","postalhousenumberext":"","officetelphonenumber":"","prefixbirthname":"L","companyid":"1","employeegroupid":"1","language_en":"Nederlands","maritalstatusid":"GEH","otherphonenumbers":"","homewebemailaddress":"","homehousenumber":"160","dateofbirth":"1980-01-03","postalstreet":"","odporgid":"3267285","initials":"B","otheraddresses_en":"","privatemobilephonenumber":"","postalhousenumber":"","officefaxphonenumber":"","businessemailaddress":"","homestreet":"Droopad","employeegroupname_en":"Werknemer","secretaryphonenumber":"","homecountry_en":"NEDERLAND","nationality":"Nederlandse","nationality_en":"Nederlandse","maritalstatus":"Gehuwd","nameusage":"Partner","companyname":"Visma.net HRM & Payroll API (compan","homezipcode":"6921BX","birthname":"LaStrange","salutation":"Mevrouw","officialdate":"2021-02-03","otheremailaddresses_en":": b.fietser@email.nnl","homeemailaddress":"bellatrix.lastrange@email.com","firstname":"","ismanager":"N","namecode":"","gender":"Vrouw","titlebefore_en":"","titlebefore":"","homecity":"DUIVEN","employeegroupname":"Werknemer","employeeid":"20","emergencyphonenumber":"","boardnumber":"0","sicknesscountry":"","otheraddresses":"","otheremailaddresses":"Thuis: b.fietser@email.nnl","sicknessaddressphonenumber":"","homephonenumber":"","nickname":"Bellatrix","titleafter_en":"","postalcity":"","salutationid":"MW","prefixpartnername":"","otherphonenumbers_en":"","sicknesshousenumber":"","sicknesshousenumberext":"","titleafter":"","existencestartutc":"2022-11-22 09:45:01","postalcountry_en":"","formattedname":"Bellatrix Fietser","corraddress":"Woonadres","nameusage_en":"Partner","postalzipcode":"","officemobilephonenumber":"","sicknesscity":"","sicknesscountry_en":"","corraddress_en":"Woonadres","partnername":"Fietser","sicknessstreet":"","homefaxphonenumber":""},{"homecountry":"NEDERLAND","homehousenumberext":"","businesswebemailaddress":"","language":"Nederlands","postalcountry":"","sicknesszipcode":"","officeextphonenumber":"","postalhousenumberext":"","officetelphonenumber":"","prefixbirthname":"van","companyid":"1","employeegroupid":"1","language_en":"Nederlands","maritalstatusid":"GEH","otherphonenumbers":"","homewebemailaddress":"","homehousenumber":"66","dateofbirth":"1982-07-14","postalstreet":"","odporgid":"3267285","initials":"J.H.G","otheraddresses_en":"","privatemobilephonenumber":"","postalhousenumber":"","officefaxphonenumber":"","businessemailaddress":"","homestreet":"Plotterweg","employeegroupname_en":"Werknemer","secretaryphonenumber":"","homecountry_en":"NEDERLAND","nationality":"Nederlandse","nationality_en":"Nederlandse","maritalstatus":"Gehuwd","nameusage":"Eigen","companyname":"Visma.net HRM & Payroll API (compan","homezipcode":"3821BS","birthname":"Fiets","salutation":"De heer","officialdate":"2000-07-01","otheremailaddresses_en":"","homeemailaddress":"justin.fiets@ikverzinmaarwat.nl","firstname":"Justin Bart","ismanager":"N","namecode":"","gender":"Man","titlebefore_en":"","titlebefore":"","homecity":"AMERSFOORT","employeegroupname":"Werknemer","employeeid":"21","emergencyphonenumber":"","boardnumber":"0","sicknesscountry":"","otheraddresses":"","otheremailaddresses":"","sicknessaddressphonenumber":"","homephonenumber":"","nickname":"Justin","titleafter_en":"","postalcity":"","salutationid":"DHR","prefixpartnername":"","otherphonenumbers_en":"","sicknesshousenumber":"","sicknesshousenumberext":"","titleafter":"","existencestartutc":"2022-11-22 09:45:01","postalcountry_en":"","formattedname":"Justin van Fiets","corraddress":"Woonadres","nameusage_en":"Eigen","postalzipcode":"","officemobilephonenumber":"","sicknesscity":"","sicknesscountry_en":"","corraddress_en":"Woonadres","partnername":"","sicknessstreet":"","homefaxphonenumber":""},{"homecountry":"NEDERLAND","homehousenumberext":"","businesswebemailaddress":"","language":"Nederlands","postalcountry":"","sicknesszipcode":"","officeextphonenumber":"","postalhousenumberext":"","officetelphonenumber":"","prefixbirthname":"de","companyid":"1","employeegroupid":"1","language_en":"Nederlands","maritalstatusid":"ONG","otherphonenumbers":"","homewebemailaddress":"","homehousenumber":"21","dateofbirth":"1989-10-23","postalstreet":"","odporgid":"3267285","initials":"BB","otheraddresses_en":"","privatemobilephonenumber":"","postalhousenumber":"","officefaxphonenumber":"","businessemailaddress":"werk@test.cm","homestreet":"Nieuwe Groenmarkt","employeegroupname_en":"Werknemer","secretaryphonenumber":"","homecountry_en":"NEDERLAND","nationality":"Nederlandse","nationality_en":"Nederlandse","maritalstatus":"Ongehuwd","nameusage":"Eigen","companyname":"Visma.net HRM & Payroll API (compan","homezipcode":"2051JM","birthname":"Bruijn","salutation":"Mevrouw","officialdate":"2022-12-01","otheremailaddresses_en":"","homeemailaddress":"","firstname":"","ismanager":"N","namecode":"","gender":"Vrouw","titlebefore_en":"","titlebefore":"","homecity":"HAARLEM","employeegroupname":"Werknemer","employeeid":"22","emergencyphonenumber":"","boardnumber":"0","sicknesscountry":"","otheraddresses":"","otheremailaddresses":"","sicknessaddressphonenumber":"","homephonenumber":"0612345678","nickname":"Brenda","titleafter_en":"","postalcity":"","salutationid":"MW","prefixpartnername":"","otherphonenumbers_en":"","sicknesshousenumber":"","sicknesshousenumberext":"","titleafter":"","existencestartutc":"2022-11-22 09:45:01","postalcountry_en":"","formattedname":"Brenda de Bruijn","corraddress":"Woonadres","nameusage_en":"Eigen","postalzipcode":"","officemobilephonenumber":"","sicknesscity":"","sicknesscountry_en":"","corraddress_en":"Woonadres","partnername":"","sicknessstreet":"","homefaxphonenumber":""},{"homecountry":"NEDERLAND","homehousenumberext":"","businesswebemailaddress":"","language":"Nederlands","postalcountry":"","sicknesszipcode":"","officeextphonenumber":"","postalhousenumberext":"","officetelphonenumber":"","prefixbirthname":"","companyid":"1","employeegroupid":"1","language_en":"Nederlands","maritalstatusid":"ONG","otherphonenumbers":"","homewebemailaddress":"","homehousenumber":"66","dateofbirth":"1973-02-14","postalstreet":"","odporgid":"3267285","initials":"M.","otheraddresses_en":"","privatemobilephonenumber":"","postalhousenumber":"","officefaxphonenumber":"","businessemailaddress":"marielle.kuijpers@visma.com","homestreet":"Plotterweg","employeegroupname_en":"Werknemer","secretaryphonenumber":"","homecountry_en":"NEDERLAND","nationality":"Nederlandse","nationality_en":"Nederlandse","maritalstatus":"Ongehuwd","nameusage":"Eigen","companyname":"Visma.net HRM & Payroll API (compan","homezipcode":"3821BS","birthname":"Kuijpers","salutation":"Mevrouw","officialdate":"2022-09-01","otheremailaddresses_en":"","homeemailaddress":"","firstname":"Marielle","ismanager":"N","namecode":"","gender":"Vrouw","titlebefore_en":"","titlebefore":"","homecity":"AMERSFOORT","employeegroupname":"Werknemer","employeeid":"23","emergencyphonenumber":"","boardnumber":"0","sicknesscountry":"","otheraddresses":"","otheremailaddresses":"","sicknessaddressphonenumber":"","homephonenumber":"","nickname":"Marielle","titleafter_en":"","postalcity":"","salutationid":"MW","prefixpartnername":"","otherphonenumbers_en":"","sicknesshousenumber":"","sicknesshousenumberext":"","titleafter":"","existencestartutc":"2022-11-22 16:43:20","postalcountry_en":"","formattedname":"Marielle Kuijpers","corraddress":"Woonadres","nameusage_en":"Eigen","postalzipcode":"","officemobilephonenumber":"","sicknesscity":"","sicknesscountry_en":"","corraddress_en":"Woonadres","partnername":"","sicknessstreet":"","homefaxphonenumber":""}]